osm_type,osm_id,name,lat,lon,parking,access,fee
node,327179151,세계자동차제주박물관 주차장,33.282500,126.349682,,,
node,892623140,,33.245364,126.571207,surface,yes,no
node,893995465,,33.462714,126.936266,surface,yes,
node,2460224523,,33.472324,126.934255,,,
node,2907188313,,33.303948,126.789683,,,
node,2977273401,,33.343492,126.711169,,,
node,2978761678,,33.336714,126.694976,,,
node,3512449954,,33.436959,126.904991,,,
node,3741670008,,33.232671,126.292757,,,
node,3786957274,,33.496356,126.476247,,,
node,3786957275,,33.495556,126.475686,,,
node,3786957276,,33.496085,126.476629,,,
node,3786957277,,33.496559,126.473824,,,
node,3787139749,방선문주차장,33.452965,126.517839,,,
node,3788680422,,33.510210,126.715040,surface,yes,no
node,3841401401,,33.486864,126.431759,,,
node,3841401403,,33.486790,126.432239,,,
node,4218769808,,33.401936,126.337036,,,
node,4416272707,Parking For Ttarabi Oreum,33.384559,126.758166,,,
node,4654730959,아파트주차장,33.499938,126.522537,surface,private,
node,4766041553,,33.348719,126.366531,,,
node,4766041562,,33.348510,126.366106,,,
node,4853763232,,33.247075,126.406856,,,
node,4853763662,,33.257294,126.408656,,,
node,4888058179,,33.541130,126.668796,,,
node,5559158005,,33.469568,126.922371,,,
node,5841688852,,33.293855,126.421668,,,
node,5841699338,,33.442817,126.278111,,,
node,7551693855,,33.556743,126.794630,,,
node,9038261156,주차장,33.425381,126.665665,,,
node,9038274096,주차장,33.427654,126.673973,,,
node,9129177228,주차장,33.462772,126.936287,surface,yes,
node,10258761309,,33.289165,126.589033,,,
node,10865584379,,33.513573,126.957707,,,
node,10865584680,,33.501780,126.943738,,,
node,10869044450,,33.520879,126.948781,,,
node,10873264941,,33.512236,126.959506,,,
node,10873264973,,33.512695,126.960037,,,
node,10874112566,,33.507991,126.953785,,,
node,10874140487,,33.509356,126.961800,,,
node,10887138578,,33.493811,126.955038,,,
node,10887138579,,33.494699,126.954435,,,
node,10887147271,,33.493963,126.959326,,,
node,10887435632,,33.492380,126.952993,,,
node,10891657126,,33.497988,126.966944,,,
node,10891657202,,33.497400,126.968386,,,
node,11098097993,,33.257957,126.416914,,,
node,11098162686,,33.269518,126.446664,,,
node,11484468374,,33.295113,126.570441,,,
node,11484476881,,33.228076,126.261374,,,
node,11484518879,,33.467946,126.502784,,,
node,11493885748,,33.232014,126.256868,,,
node,11754137894,,33.244180,126.381676,,,
node,11878229470,,33.251038,126.621772,surface,yes,no
node,12818896056,,33.430783,126.933446,,,
node,12818912408,,33.435021,126.924236,,,
node,13545223744,,33.448651,126.569562,,,
node,13610092732,,33.251369,126.195899,,,
node,13816263183,,33.347185,126.180907,,customers,
node,13819883401,,33.235657,126.514983,,yes,
node,13819883402,,33.235317,126.514600,,yes,
node,13821056869,,33.462181,126.933976,,,
node,13942364828,,33.508172,126.529014,underground,,
node,13951441554,,33.511777,126.528625,underground,,
node,13961288519,,33.516076,126.528761,underground,,
node,13961294569,,33.515527,126.528345,underground,,
node,13962483083,,33.514694,126.528098,underground,,
node,13966121983,,33.514303,126.527668,underground,,
node,13979630908,,33.511829,126.523212,underground,,
node,13979630912,,33.511849,126.523213,underground,,
node,13979797279,,33.517276,126.519210,underground,,
node,13979797280,,33.517295,126.519240,underground,,
node,14000366201,,33.513495,126.524196,underground,,
node,14007356107,,33.512032,126.520986,underground,,
node,14019983855,,33.512258,126.521010,underground,,
node,14023297825,,33.511478,126.522824,underground,,
node,14023297834,,33.511596,126.522023,underground,,
node,14027827900,,33.509643,126.519988,underground,,
node,14030082498,,33.510009,126.522743,underground,,
way,96516754,,33.500134,126.454893,,,
way,96516804,,33.497290,126.453578,street_side,,
way,101507818,중문관광단지 주차장4,33.238478,126.426328,surface,customers,yes
way,169637154,,33.451236,126.306557,,,
way,169637162,,33.448828,126.303071,,,
way,169639449,,33.452595,126.486420,,,
way,169639450,,33.452054,126.487992,,,
way,169639452,,33.452560,126.488201,,,
way,169639456,,33.452957,126.488232,,,
way,169639460,,33.450740,126.487515,,,
way,169655472,,33.462069,126.935302,surface,yes,no
way,169655473,,33.461303,126.934946,surface,,
way,199546954,,33.384858,126.619967,surface,,
way,242422069,,33.249984,126.408072,surface,,
way,242422070,,33.249863,126.408608,surface,,
way,242422349,,33.247327,126.411838,surface,,
way,242443616,씨에스 호텔앤리조트 주차장,33.242716,126.420404,surface,,
way,242444687,씨에스 호텔앤리조트 주차장,33.243037,126.420712,surface,,
way,242445985,퍼시픽랜드 1주차장,33.244959,126.414753,surface,,
way,242446965,퍼시픽랜드 4주차장,33.244541,126.415709,surface,,
way,242451274,,33.244167,126.418809,surface,,
way,242455603,,33.246303,126.414566,surface,,
way,242455787,,33.252997,126.418822,surface,yes,no
way,242456066,,33.251475,126.415021,surface,,
way,242553343,,33.245570,126.405888,surface,,
way,242553874,중문관광단지 주차장3,33.243781,126.422894,surface,,
way,242553957,,33.251112,126.413160,surface,,
way,242556350,,33.246846,126.417443,surface,,
way,242556351,,33.247424,126.416799,surface,,
way,242556352,,33.247212,126.417441,surface,,
way,242558744,,33.249195,126.411494,surface,,
way,242558745,,33.249860,126.411069,surface,,
way,242707882,,33.423845,126.929474,surface,yes,yes
way,242945161,,33.310032,126.711730,surface,,
way,243282399,정방폭포 주차장,33.244657,126.573770,surface,yes,no
way,243284370,,33.254721,126.410125,surface,,
way,245280674,,33.504693,126.530120,,,
way,246702872,,33.390085,126.485229,surface,yes,no
way,248050213,,33.357660,126.462745,,,
way,248053103,,33.311110,126.458767,,,
way,248112419,,33.346325,126.495974,,,
way,249419885,,33.310475,126.570778,,,
way,249419886,,33.315800,126.575906,,,
way,249492871,,33.247126,126.406163,,,
way,249857737,,33.249772,126.409064,,,
way,249857738,,33.250554,126.414232,,,
way,249859513,,33.248346,126.407518,surface,,
way,249859518,중문단지축구장 주차장,33.235102,126.433680,,,
way,250709263,,33.287869,126.403940,,,
way,250710585,,33.251567,126.429748,,,
way,250710595,,33.240702,126.426163,,,
way,250710609,제주국제평화센터 주차장,33.244516,126.421521,,,
way,250710617,중문관광단지 주차장6,33.241631,126.427224,,,
way,250717085,,33.245186,126.405039,,,
way,250952782,정석항공관 주차장1,33.392319,126.724038,surface,,
way,251647024,,33.245812,126.428412,,,
way,253976808,김녕미로공원 주차장,33.535725,126.772146,,,
way,253977286,,33.434824,126.687070,,,
way,253977287,산굼부리 주차장,33.435030,126.689359,,,
way,258250540,,33.244085,126.560260,surface,,
way,261178410,중문관광단지 5주차장,33.244318,126.427626,,,
way,274961938,,33.525117,126.543743,,,
way,274983422,,33.532442,126.592931,,,
way,274983428,,33.533775,126.595111,,,
way,274998580,,33.506033,126.463970,,,
way,275141939,,33.276657,126.639316,,,
way,275653908,,33.394722,126.240822,,,
way,276177208,,33.429104,126.908447,,,
way,276970346,,33.467726,126.905083,,,
way,281492134,,33.251117,126.323122,,,
way,284398676,,33.375489,126.804480,,,
way,284426512,함덕해수욕장 주차장,33.541732,126.669644,surface,yes,
way,286207777,,33.445982,126.549616,surface,,
way,286210524,,33.445141,126.548498,,,
way,286210529,,33.444591,126.548377,,,
way,286211242,,33.444527,126.546007,,,
way,286211243,,33.444586,126.547010,,,
way,287266349,,33.325095,126.842427,,,
way,287438788,제주월드컵경기장대형주차장,33.245656,126.506931,surface,,
way,288289762,,33.300953,126.184398,,,
way,288293477,,33.409938,126.394711,,,
way,288293478,,33.409313,126.394228,,,
way,288300397,,33.407921,126.392182,,,
way,288300694,,33.408788,126.393109,,,
way,288458971,,33.341897,126.279689,surface,,
way,288746172,,33.511921,126.520619,,,
way,289859064,,33.505121,126.493579,surface,,yes
way,289859065,,33.505321,126.494865,surface,,yes
way,289863835,,33.247335,126.578304,,,
way,290489395,,33.371639,126.367272,,,
way,292853147,,33.249772,126.619219,,,
way,293148071,,33.308012,126.568602,,,
way,294303811,,33.345057,126.181723,surface,,
way,294303812,,33.345514,126.181128,,,
way,295195833,,33.359958,126.727709,,,
way,305947763,,33.358372,126.712141,surface,,
way,335666957,,33.255121,126.345287,,,
way,335666958,,33.254922,126.345354,,,
way,335666959,,33.254756,126.345516,,,
way,335666960,,33.254466,126.345391,,,
way,335666961,,33.254597,126.345611,,,
way,335666962,,33.254365,126.345653,,,
way,341696583,,33.456188,126.713465,,,
way,343207775,,33.446141,126.911828,,,
way,345944856,정석항공관 주차장2,33.393796,126.722130,,,
way,351096944,,33.469037,126.923490,,,
way,351100678,,33.468683,126.924705,,,
way,351143436,,33.453153,126.924599,,,
way,369183097,,33.517273,126.524182,,,
way,369681543,,33.465613,126.544294,,,
way,369681544,,33.468530,126.544474,,,
way,369681548,,33.465901,126.547037,,,
way,370266641,,33.556589,126.759415,,,
way,370268516,,33.517732,126.499692,,yes,
way,370318371,,33.392122,126.494691,,,
way,370319303,,33.340463,126.480327,surface,yes,yes
way,370319521,,33.348375,126.496692,surface,yes,yes
way,370328160,절물휴양림 주차장,33.440233,126.629060,,,
way,370453427,,33.390508,126.238077,surface,customers,no
way,370453530,,33.391069,126.237493,,,
way,370460809,,33.239542,126.344397,,,
way,370464598,용머리해안주차장,33.233795,126.311100,,,
way,370956463,,33.515540,126.542360,,,
way,370959053,공영 주차장,33.514891,126.512077,,yes,
way,371539267,,33.241381,126.547656,,,
way,371539666,,33.239972,126.531812,,,
way,371633808,,33.470079,126.491203,,,
way,371656295,,33.518468,126.521227,,,
way,371656341,공영주차장,33.518307,126.519833,,,
way,371660201,,33.384661,126.800994,,,
way,371662665,,33.300095,126.585323,,,
way,371662667,,33.300290,126.582109,,,
way,371667203,,33.326324,126.255006,,,
way,371670308,,33.247387,126.581579,,,
way,371670793,,33.241405,126.526762,,,
way,371774077,,33.353414,126.814839,,,
way,371821891,,33.261211,126.501714,,,
way,372084462,안덕계곡 주차장,33.258128,126.353492,,,
way,372132568,,33.422043,126.549860,,,yes
way,372137628,,33.446370,126.663830,,,
way,372138625,,33.450016,126.661592,surface,customers,no
way,372138628,,33.446067,126.666416,,,
way,372138635,에코랜드 주차장,33.455421,126.666111,,,
way,372139421,,33.448702,126.661870,surface,customers,no
way,372139422,,33.448279,126.662162,surface,customers,no
way,372139423,,33.447778,126.662727,surface,customers,no
way,372139572,,33.479745,126.701396,,,
way,372139573,,33.480076,126.702522,,,
way,372146940,,33.430314,126.595953,,,
way,372263208,,33.511180,126.512681,,,
way,372274565,공영주차장,33.503231,126.495923,,,
way,372293093,,33.499568,126.530623,,,
way,372293094,,33.500154,126.531672,,,
way,372348602,,33.495074,126.519322,,,
way,372357451,,33.505202,126.535137,,,
way,372388637,,33.505174,126.526495,,,
way,372389587,,33.505135,126.528079,,,
way,372395549,공영주차장,33.489043,126.491381,,,
way,372413262,공영주차장,33.504804,126.541927,,,
way,372413267,,33.493352,126.535575,,,
way,372413268,,33.493603,126.536116,,,
way,372413595,,33.505849,126.534869,,,
way,372413644,,33.506234,126.530120,,,
way,372420567,공영주차장,33.485149,126.485649,,,
way,372421045,,33.485440,126.474788,,,
way,372421111,,33.482535,126.471929,,,
way,372421559,,33.483628,126.474260,,,
way,372421560,공영주차장,33.486358,126.477700,surface,,
way,372421561,,33.486559,126.479527,,,
way,372421562,,33.486055,126.478716,,,
way,372421787,,33.484089,126.471346,,,
way,372421788,,33.487276,126.479793,,,
way,372421789,무료주차장,33.486770,126.478947,surface,,
way,372421790,무료주차장,33.486940,126.478651,surface,,
way,372421791,,33.489598,126.476489,,,
way,372421792,,33.488756,126.482498,,,
way,372421988,,33.491406,126.479550,,,
way,372421989,,33.486891,126.485684,,,
way,372422017,,33.482089,126.494189,,,
way,372422018,,33.483808,126.486431,,,
way,372422136,공영주차장,33.491047,126.486060,,,
way,372422137,,33.491979,126.487747,,,
way,372422694,,33.496501,126.547470,,,
way,372422695,,33.499815,126.546728,,,
way,372521657,,33.489550,126.799903,,,
way,372521665,비자림 주차장,33.491452,126.810926,surface,customers,no
way,372701550,,33.450125,126.487515,,,
way,372701555,,33.478864,126.479879,,,
way,372701570,,33.470529,126.487412,,,
way,372701843,,33.499375,126.501456,,,
way,372716751,,33.439079,126.874492,,,
way,372805556,,33.388891,126.804987,,,
way,372806761,,33.384338,126.799302,,,
way,372813685,,33.250389,126.412490,,,
way,372943213,,33.499324,126.516110,,,
way,373409620,,33.563715,126.778839,,,
way,373410673,,33.558513,126.762991,,,
way,373855264,,33.251674,126.559573,surface,,
way,373863728,제주월드컵경기장주차장3,33.246725,126.507452,surface,,
way,374037653,,33.254687,126.413647,,,
way,374037654,,33.254610,126.413475,,,
way,374037680,,33.249589,126.414103,,,
way,374037681,,33.249303,126.413976,,,
way,374038021,,33.249726,126.407003,,,
way,374062165,사계리해안체육공원 주차장,33.220493,126.294704,surface,yes,no
way,374197952,산방산공영주차장,33.235962,126.311904,surface,yes,no
way,374237143,,33.212042,126.291334,,,
way,374249718,하모해수욕장 주차장,33.210874,126.263037,,,
way,374258656,,33.218042,126.252574,,,
way,374382928,,33.221192,126.246785,surface,,
way,374925563,,33.271703,126.608272,,,
way,374925564,,33.272156,126.608308,,,
way,374925565,,33.270858,126.607525,,,
way,374925566,,33.271670,126.607806,,,
way,375021117,,33.248288,126.299200,,,
way,375021130,,33.248982,126.298444,,,
way,375041529,,33.240998,126.546429,,,
way,375041535,,33.249260,126.553878,,,
way,375041536,,33.249098,126.553288,,,
way,375041547,,33.251695,126.553805,,,
way,375041548,,33.251734,126.554147,,,
way,375043806,,33.259683,126.497803,,,
way,375043807,,33.261166,126.499151,,,
way,375045052,,33.250814,126.536546,,,
way,375045061,,33.247595,126.551591,,,
way,375045065,,33.246875,126.549960,,,
way,375049021,공영 주차장,33.250138,126.563188,,,
way,375049063,,33.245222,126.564994,,,
way,375049065,,33.245975,126.564633,,,
way,375049088,,33.245617,126.565909,,,
way,375050879,,33.244604,126.568168,,,
way,375053161,,33.239708,126.558596,surface,yes,no
way,375053163,새연교 주차장,33.240212,126.559101,surface,,
way,375053165,서복전시관 주차장,33.245294,126.570912,surface,yes,no
way,375053175,,33.243659,126.568708,street_side,,
way,375163244,,33.312051,126.459282,,,
way,375163861,거린사슴전망대 주차장,33.307391,126.454483,surface,yes,no
way,375163878,,33.277107,126.394607,,,
way,375163885,,33.275622,126.397097,,,
way,375165581,,33.290291,126.368092,,,
way,375165900,,33.282363,126.349884,,,
way,375165909,,33.289847,126.322612,,,
way,375166134,,33.319042,126.346870,,,
way,375166141,,33.301282,126.293756,,,
way,375166148,직원주차장,33.305067,126.299155,,,
way,375166149,,33.304922,126.301153,,,
way,375166150,,33.304172,126.301881,,,
way,375168061,,33.305323,126.288925,,,
way,375168062,오설록티뮤지엄 주차장,33.305315,126.289506,,,
way,375169004,,33.314195,126.272605,,,
way,375189172,,33.330362,126.816171,,,
way,375190527,,33.305827,126.250152,,,
way,375190573,,33.353895,126.817643,,,
way,375191153,,33.275624,126.304896,,,
way,375192033,수월봉 주차장,33.295227,126.163832,,,
way,375193736,제주돌마을공원 주차장,33.354306,126.253182,,,
way,375193741,,33.354585,126.242583,,,
way,375195357,,33.385853,126.226836,,,
way,375201017,,33.392830,126.239525,,,
way,375201279,한림민속일시장 주차장,33.420545,126.273548,,,
way,375204177,,33.434626,126.274366,,,
way,375204181,,33.436046,126.274721,,,
way,375322668,,33.504266,126.534489,,,
way,375322674,,33.505276,126.528922,,,
way,375324375,,33.513703,126.548083,,,
way,375324378,,33.514976,126.548243,,,
way,375324389,공영 주차장,33.513974,126.523764,,yes,
way,375324394,,33.518863,126.534570,,,
way,375324395,,33.519576,126.533935,,,
way,375324657,,33.497175,126.474253,,,
way,375324658,,33.497651,126.476088,,,
way,375324660,,33.497098,126.477318,,,
way,375327378,항몽유적지 주차장,33.452366,126.408988,,,
way,375327683,特点一biar,33.411684,126.393641,,,
way,375327685,,33.412876,126.395248,,,
way,375334001,,33.352251,126.360371,,,
way,375334029,,33.345125,126.321040,,,
way,375336466,,33.442758,126.432722,,,
way,375339661,,33.490075,126.497875,,,
way,375339663,,33.489940,126.498830,,,
way,375339664,,33.490026,126.499572,,,
way,375339672,,33.489335,126.498590,,,
way,375339673,,33.489202,126.498005,,,
way,375339677,,33.488421,126.498217,,,
way,375341084,,33.486160,126.499325,,,
way,375470369,,33.510784,126.544141,,,
way,375471088,,33.511167,126.545352,,,
way,375475566,복개 공영주차장,33.507116,126.515832,,,
way,375478129,,33.540881,126.643402,surface,destination,
way,375478401,제주카약,33.544009,126.668219,,,
way,375478520,,33.540860,126.672755,,,
way,375478521,,33.540630,126.672289,,,
way,375478523,,33.540153,126.672141,,,
way,375478619,,33.539665,126.689221,,,
way,375479881,,33.555873,126.760654,,,
way,375479882,,33.555512,126.761520,,,
way,375480029,,33.452855,126.619714,,,
way,375480942,,33.440729,126.627133,,,
way,375489181,,33.464397,126.692446,,,
way,375490713,,33.433520,126.673376,,,
way,375491806,,33.435088,126.732171,,,
way,375492819,,33.424438,126.743636,,,
way,375492820,,33.424085,126.744648,,,
way,375497783,,33.403092,126.779120,,,
way,375497793,,33.399139,126.785968,,,
way,375500450,,33.381171,126.842487,,,
way,375500451,,33.380952,126.843305,,,
way,375501663,,33.487051,126.706539,,,
way,375502742,,33.529169,126.771804,,,
way,375502743,,33.530189,126.771879,,,
way,375502744,,33.530097,126.772448,,,
way,375507356,,33.526282,126.587782,,,
way,375507376,,33.524561,126.586511,,,
way,375509392,,33.427038,126.603868,,,
way,375901172,,33.253630,126.530052,,,
way,379718564,,33.247106,126.553169,,,
way,379729566,,33.243395,126.560071,,,
way,407876199,,33.525036,126.573954,,,
way,426075466,공영주차장,33.502501,126.495974,,,
way,431131514,,33.473301,126.572480,,,
way,448000161,,33.245867,126.448518,surface,yes,no
way,448000164,,33.245530,126.449575,surface,private,
way,468167724,,33.221505,126.247015,,,
way,468710185,,33.471810,126.540197,,,
way,468710186,,33.472028,126.544130,,,
way,468710189,,33.470161,126.540469,,,
way,468710190,,33.469422,126.542759,,,
way,468710191,,33.471026,126.543107,,,
way,468710193,,33.476072,126.540546,,,
way,469656013,,33.534983,126.635640,,,
way,469703558,,33.536153,126.637606,surface,,no
way,469703560,,33.535967,126.638278,,,
way,469732600,,33.515232,126.556660,,,
way,469735301,,33.514517,126.547116,,,
way,470408868,,33.539309,126.643321,,,
way,470408872,,33.539820,126.643320,,,
way,470499846,공영주차장,33.487778,126.524190,,,
way,471301357,,33.500054,126.520716,surface,private,
way,471305218,공영주차장,33.500261,126.522138,surface,permissive,no
way,471305882,,33.500051,126.522595,,,
way,471311141,,33.500296,126.520367,,,
way,471311232,,33.500532,126.520091,surface,private,
way,471311282,,33.500393,126.520178,surface,,
way,471312179,제주시주차장,33.498946,126.521602,surface,permissive,
way,471651534,공영주차장,33.500436,126.525896,surface,permissive,no
way,471698194,,33.459548,126.562192,surface,permissive,no
way,471698303,,33.457377,126.559664,,,no
way,471698370,,33.456379,126.559786,surface,,no
way,472046934,,33.501047,126.519255,surface,private,no
way,472047550,,33.499588,126.516974,,,
way,472492637,,33.487898,126.522504,,,
way,483857340,,33.347826,126.367612,,,
way,483857342,,33.348191,126.366346,,,
way,483857343,,33.348243,126.367130,,,
way,483857344,,33.348520,126.366634,,,
way,483857345,,33.348516,126.365831,,,
way,493461101,,33.250182,126.397633,,,
way,497207550,,33.486321,126.481030,,,
way,497212320,,33.542020,126.666758,,,no
way,528148038,,33.538559,126.634858,,,
way,548280627,,33.346961,126.825388,,,
way,572268237,,33.444389,126.627354,,,
way,572268249,,33.454681,126.619535,,,
way,572268251,,33.455752,126.619962,,,
way,572528369,,33.406474,126.820092,,,
way,573460894,,33.462768,126.936277,surface,yes,
way,580317196,,33.324306,126.843735,,,
way,580317197,,33.324235,126.843129,,,
way,580719217,산방산주차장,33.236321,126.312335,surface,yes,no
way,581225859,,33.414134,126.895267,surface,yes,no
way,581436760,,33.281843,126.286835,,,
way,590969122,,33.246574,126.577646,,,
way,643060178,,33.512916,126.509946,surface,private,
way,643060179,,33.514164,126.510249,,private,
way,643060181,,33.513479,126.510214,surface,private,
way,643060187,,33.512850,126.509264,surface,private,
way,643063764,,33.505937,126.494404,multi-storey,,
way,657879570,,33.518598,126.488426,,yes,
way,657879571,,33.517911,126.487298,,yes,
way,659700415,,33.539812,126.641148,surface,destination,
way,660182265,,33.541897,126.714080,surface,,
way,660182324,,33.544301,126.674419,surface,,
way,660182371,,33.548193,126.652267,surface,yes,
way,660182384,,33.547362,126.650484,surface,yes,
way,680528238,,33.306560,126.319492,,,
way,680528239,,33.305775,126.319103,,,
way,680528240,,33.304739,126.318215,,,
way,680528256,,33.307883,126.319559,,,
way,680532649,,33.303395,126.308255,,,
way,680532698,,33.303075,126.315757,,,
way,680532707,,33.303674,126.316562,,,
way,701297476,,33.363661,126.358931,,,
way,717173799,,33.341577,126.327355,surface,yes,no
way,741163030,,33.490112,126.490994,surface,customers,
way,758917043,,33.504201,126.517394,,,
way,818272361,,33.563658,126.773018,,,
way,818272362,,33.563952,126.774279,,,
way,845376734,,33.248140,126.409261,surface,,
way,845376735,,33.249450,126.407861,surface,,
way,845376736,,33.249164,126.407711,surface,,
way,845376737,,33.249204,126.407808,surface,,
way,848869986,,33.280581,126.277822,,,
way,848869987,,33.280870,126.278516,,,
way,849673168,,33.505757,126.498289,,,
way,849673170,,33.506552,126.496900,,,
way,849750077,,33.505310,126.499964,,,
way,849753240,,33.504803,126.490336,,,
way,849753241,,33.506714,126.495198,,,
way,849766524,,33.512172,126.500123,,,
way,849773172,,33.504677,126.495835,,,
way,890909073,,33.247517,126.505029,,,
way,915124320,,33.276060,126.639711,,,
way,915124321,,33.275471,126.639305,,,
way,915124325,,33.276908,126.640482,,,
way,915124328,,33.274667,126.661190,,,
way,915124331,,33.284142,126.721097,,,
way,923559738,,33.297428,126.287071,,,
way,923559742,,33.297883,126.284997,,,
way,923559769,,33.278741,126.278601,,,
way,923559770,,33.279122,126.278039,,,
way,923559771,,33.279297,126.278426,,,
way,923559772,,33.279396,126.277855,,,
way,923559773,,33.279585,126.278276,,,
way,948929372,,33.440244,126.823740,,,
way,949252462,,33.233798,126.264572,,,
way,949252467,,33.233995,126.265165,,,
way,949252469,,33.234210,126.263828,,,
way,953786991,,33.451882,126.559709,surface,,
way,953943598,,33.454508,126.560230,,,
way,964178046,,33.452334,126.557314,,,
way,968429830,,33.492693,126.538682,,,
way,968429831,,33.494760,126.535310,multi-storey,,
way,968448513,,33.493032,126.539154,,,
way,968477160,,33.495279,126.535860,,,
way,968482337,,33.465906,126.410166,,,
way,968482344,,33.465812,126.410879,,,
way,968482345,,33.466180,126.410983,,,
way,968482346,,33.466047,126.410708,,,
way,968482347,,33.466194,126.411629,,,
way,968482348,,33.466098,126.411619,,,
way,968482349,,33.465202,126.410929,,,
way,968482350,,33.465243,126.410609,,,
way,968482351,,33.464947,126.410749,,,
way,968500114,,33.492832,126.537474,,,
way,968500115,,33.493761,126.538498,,,
way,968500120,,33.494416,126.537695,,,
way,968500130,,33.495131,126.539764,,,
way,968528145,,33.464212,126.646065,,,
way,968528157,,33.464914,126.646219,,,
way,968659046,,33.402777,126.717398,,,
way,968659047,,33.403364,126.717838,,,
way,968723147,,33.493420,126.538286,,,
way,968723150,,33.492783,126.538204,,,
way,968723164,,33.492459,126.537529,,,
way,968723166,,33.492179,126.537775,,,
way,968775772,,33.494416,126.535135,,,
way,968850722,,33.496296,126.536909,,,
way,968850731,,33.496416,126.536548,,,
way,969248291,,33.496056,126.537518,,,
way,969696805,,33.453950,126.563791,,,
way,972598051,,33.491958,126.536981,,,
way,972767865,,33.491284,126.537769,multi-storey,,
way,972767866,,33.491667,126.537873,,,
way,973971300,,33.403358,126.718519,,,
way,978056252,,33.491724,126.539595,,,
way,978120573,,33.490664,126.538750,,,
way,978278127,,33.491177,126.540845,,,
way,1004166773,,33.293368,126.349001,surface,customers,no
way,1004166774,,33.292433,126.349757,surface,customers,no
way,1005639065,,33.383961,126.735676,,,
way,1021386784,,33.511447,126.515980,,,
way,1029480548,,33.489036,126.540398,,,
way,1029480550,,33.489416,126.540771,,,
way,1029628681,,33.490595,126.542637,,,
way,1029628682,,33.490449,126.542833,,,
way,1029628725,,33.488764,126.541565,,,
way,1029628727,,33.489020,126.541946,,,
way,1029628733,,33.489784,126.543147,,,
way,1030670379,,33.493354,126.541062,,,
way,1030670395,,33.492012,126.542314,,,
way,1030670396,,33.492078,126.542144,,,
way,1030670404,,33.492928,126.541432,,,
way,1070374644,,33.252629,126.368055,street_side,,
way,1070374645,,33.252451,126.367134,street_side,,
way,1071862941,,33.389141,126.376971,surface,customers,
way,1071915329,,33.463241,126.310412,surface,,
way,1073230357,,33.249866,126.562094,surface,,
way,1073230364,,33.246238,126.560788,surface,,
way,1073234624,,33.248887,126.558950,surface,,
way,1073234633,,33.248566,126.558735,surface,,
way,1073234666,,33.247281,126.565748,surface,,
way,1073234681,,33.246723,126.563429,surface,,
way,1073234683,,33.246293,126.563875,surface,,
way,1073234687,,33.246103,126.561526,surface,,
way,1073234691,,33.248691,126.560389,surface,,
way,1073234693,,33.248162,126.562284,surface,,
way,1073234699,,33.248787,126.562340,surface,,
way,1075451805,,33.443495,126.778682,,,
way,1075451812,,33.442795,126.779140,,,
way,1097447710,,33.359267,126.362052,,,
way,1097447715,,33.361654,126.361462,,,
way,1097447716,,33.361275,126.360777,,,
way,1104193234,,33.242375,126.445179,surface,customers,
way,1107267546,,33.543505,126.662446,,,
way,1107386547,,33.464801,126.837058,,,
way,1107980580,,33.526838,126.545183,,private,
way,1107980581,,33.527092,126.543781,,,
way,1113737945,함덕국민학교옛터 공영주차장,33.541848,126.668784,surface,yes,no
way,1113737969,,33.543662,126.662424,,,
way,1120246633,,33.223337,126.255573,,,
way,1121615354,,33.289156,126.589036,,,
way,1124982262,,33.371341,126.839667,,,
way,1124987095,,33.372732,126.842833,,,
way,1124987096,,33.372535,126.842740,,,
way,1124987098,,33.372939,126.842730,,,
way,1126689452,,33.479975,126.401617,,,
way,1126830010,,33.492200,126.544186,,,
way,1126830011,,33.491192,126.544799,,,
way,1126830017,,33.491631,126.544250,,,
way,1126924180,,33.492665,126.543243,,,
way,1127677057,,33.493295,126.542126,,,
way,1142429561,,33.223509,126.254385,,,
way,1142517348,,33.224585,126.254936,surface,,
way,1142597553,,33.223043,126.255569,,,
way,1142597555,,33.223006,126.256093,,,
way,1143827006,,33.222337,126.252832,,,
way,1143827007,,33.222345,126.253083,,,
way,1143827746,,33.221177,126.254670,,,
way,1143833359,,33.223256,126.256512,,,
way,1143833431,,33.225943,126.255195,,,
way,1143878685,,33.275119,126.172495,,,
way,1143902628,,33.242403,126.305077,,,
way,1143902647,,33.243725,126.303572,,,
way,1143902648,,33.243710,126.303946,,,
way,1143902649,,33.243558,126.303723,,,
way,1143912054,,33.235671,126.309211,,,
way,1143912161,,33.230138,126.308005,,,
way,1143912163,,33.230761,126.308582,,,
way,1143912182,,33.229609,126.308526,,,
way,1147260062,,33.225689,126.261104,,,
way,1147260078,,33.226541,126.261861,,,
way,1147273323,,33.513481,126.501463,,,
way,1147273325,,33.514257,126.500963,,,
way,1147273326,,33.514800,126.500867,,,
way,1147273327,,33.515173,126.501173,,,
way,1147273328,,33.514893,126.501874,,,
way,1147273329,,33.515291,126.501956,,,
way,1147273336,,33.515622,126.503898,,,
way,1147273337,,33.516053,126.503978,,,
way,1149039278,,33.357810,126.272527,surface,,
way,1149039280,,33.358123,126.272545,surface,,
way,1149319554,,33.357884,126.274377,surface,,
way,1149319607,,33.338933,126.259150,,,
way,1149319613,,33.339921,126.260732,,,
way,1149319622,,33.339716,126.261989,,,
way,1149319625,,33.340059,126.262909,,,
way,1149319627,,33.340145,126.262723,,,
way,1149319628,,33.340223,126.263047,,,
way,1149319629,,33.340338,126.262830,,,
way,1149899602,,33.496989,126.520008,surface,,
way,1149903373,,33.498705,126.519484,,,
way,1149906110,,33.499676,126.518288,,,
way,1149907998,,33.501883,126.520083,surface,,
way,1150197755,,33.496671,126.521514,,,
way,1150205859,,33.496498,126.518631,surface,,
way,1150313895,,33.497935,126.516959,,,
way,1150313903,,33.499735,126.515764,,,
way,1150313946,,33.500111,126.519305,,,
way,1150314008,,33.498842,126.513311,,,
way,1150314035,,33.499425,126.514799,surface,,
way,1150314036,,33.498709,126.514812,,,
way,1150314037,,33.498489,126.514984,,,
way,1150314038,,33.498472,126.515462,,,
way,1150325475,,33.496617,126.518803,,,
way,1150325476,,33.496482,126.519490,,,
way,1150325523,,33.498864,126.516595,surface,,
way,1150363996,,33.536751,126.638153,surface,,no
way,1150366154,,33.536563,126.638509,,,
way,1150973543,,33.517911,126.522216,surface,,
way,1150973544,,33.517869,126.522491,surface,,
way,1150973545,,33.517776,126.522948,,,
way,1150973546,,33.517744,126.523068,,,
way,1150973547,,33.517468,126.522937,,,
way,1150973549,,33.517527,126.522738,surface,,
way,1150973550,,33.517687,126.522577,surface,,
way,1150973578,,33.513714,126.517994,surface,,
way,1150973579,,33.514726,126.517277,street_side,,
way,1152637768,용눈이오름주차장,33.463142,126.831651,surface,,
way,1157352231,,33.557244,126.818621,,,
way,1157352243,,33.559628,126.818428,,,
way,1157352244,,33.559783,126.818736,,,
way,1157352246,,33.557840,126.812905,,,
way,1157352247,,33.557716,126.813348,,,
way,1157352248,,33.557556,126.813491,,,
way,1157352254,,33.557143,126.811855,,,
way,1157355159,,33.554567,126.808460,surface,,
way,1157355160,,33.554445,126.808340,surface,,
way,1157355269,,33.557394,126.812991,,,
way,1157355270,,33.557538,126.812868,,,
way,1165605097,,33.509438,126.903843,,,
way,1167399338,,33.494827,126.908732,,,
way,1168910578,,33.518351,126.959346,,,
way,1173845947,,33.454960,126.712191,,,
way,1175546180,,33.285182,126.337676,,,
way,1175559213,,33.337261,126.175258,,,
way,1175559214,,33.337152,126.175180,,,
way,1177278050,,33.260494,126.329896,,,
way,1185642549,,33.451366,126.655586,,,
way,1199327068,,33.531954,126.818627,,,
way,1199335943,,33.436734,126.554939,,,
way,1199337810,,33.422190,126.550607,,,yes
way,1203429947,,33.500453,126.505371,surface,customers,
way,1204807362,,33.398825,126.423962,surface,,
way,1209070304,국립제주호국원 주차장,33.413848,126.493758,,,no
way,1212434054,사려니숲길주차장,33.434332,126.637900,,,
way,1238915393,,33.308462,126.472336,surface,yes,no
way,1239805817,,33.262550,126.426746,surface,,no
way,1239827613,,33.289093,126.457133,surface,customers,no
way,1239827614,,33.289381,126.455806,surface,customers,no
way,1239827615,,33.290239,126.456047,surface,customers,no
way,1239827616,,33.290203,126.455258,surface,customers,no
way,1239838958,,33.238917,126.288970,surface,,no
way,1250095038,,33.350946,126.305711,,,
way,1250096874,,33.384504,126.758232,,,
way,1250098069,,33.360782,126.692740,,,
way,1250099372,,33.402928,126.408325,,,
way,1250100092,,33.391209,126.398647,,,
way,1250101087,,33.335223,126.622568,,,
way,1250103302,,33.244811,126.419451,,,
way,1250113443,,33.362779,126.260563,,,
way,1250114647,,33.334900,126.248163,,,
way,1263639314,,33.474813,126.826600,,,
way,1264388615,,33.311904,126.301998,,,
way,1264392941,,33.310868,126.341528,,,
way,1264394181,,33.303995,126.298656,,,
way,1287333038,,33.308838,126.349240,surface,customers,no
way,1287333041,,33.309353,126.349338,surface,,
way,1292244123,,33.324210,126.842600,,,
way,1295515474,,33.440766,126.630501,,,
way,1295636039,,33.399204,126.389215,,,
way,1295636055,,33.377546,126.392288,,,
way,1296213490,,33.238947,126.318658,,,
way,1296213494,,33.239944,126.335163,,,
way,1296221095,,33.240367,126.319554,,,
way,1296241312,,33.252827,126.368344,,,
way,1296241316,,33.240724,126.332389,,,
way,1296241317,,33.240921,126.332269,,,
way,1296261547,,33.439759,126.667558,,,
way,1296271737,,33.542781,126.676413,,,
way,1296279859,,33.469335,126.777057,,,
way,1298948884,,33.204874,126.277307,,,
way,1299941854,,33.291637,126.527886,,,
way,1299951906,,33.330787,126.673803,,,
way,1299955829,,33.294840,126.675994,,,
way,1300152134,,33.309404,126.633738,,,
way,1300398774,,33.292116,126.557834,,,
way,1305853628,,33.251684,126.560462,surface,,yes
way,1305853629,,33.251530,126.559247,surface,,
way,1305869662,,33.255736,126.571696,,,
way,1308094802,,33.242881,126.566574,,,
way,1308416886,,33.503408,126.490259,,,
way,1308416887,,33.503248,126.488575,,,
way,1340418419,,33.492906,126.545460,,,
way,1342290982,,33.494237,126.533680,,,
way,1342290988,,33.493542,126.542436,,,
way,1348642478,,33.499851,126.531249,,,
way,1350942426,,33.432798,126.915205,,,
way,1350942431,,33.439844,126.919971,,,
way,1350942432,,33.440210,126.920320,,,
way,1351119689,,33.519223,126.558711,,,
way,1351119832,,33.511700,126.541770,,,
way,1387773903,,33.398302,126.899338,,,
way,1387773904,,33.398237,126.899197,,,
way,1412224656,,33.511774,126.544109,,,
way,1412224794,,33.511628,126.539822,,,
way,1412224795,,33.511308,126.539935,,,
way,1412231418,,33.499436,126.533535,,customers,
way,1412231419,,33.499769,126.533065,,customers,
way,1412231420,,33.499826,126.532777,,customers,
way,1412720081,,33.458450,126.485544,on_kerb,private,no
way,1412985446,,33.501331,126.530978,,,
way,1412985458,,33.498586,126.534021,,,
way,1412985459,,33.498174,126.533842,,,
way,1412985503,,33.497742,126.536239,,,
way,1412985513,,33.498514,126.536576,surface,,
way,1412985514,,33.497933,126.536954,surface,,
way,1412985516,,33.498964,126.536472,,,
way,1425767953,,33.263249,126.564305,,,
way,1437044340,,33.206052,126.272642,,,
way,1448217686,아라일동 6123,33.473827,126.551662,surface,,
way,1448242309,제주시청_민원실,33.499989,126.530252,,,
way,1457357761,,33.511624,126.500645,,,
way,1460392890,,33.353332,126.357751,,,
way,1460392891,,33.353551,126.359302,,,
way,1460392914,,33.360582,126.363155,,,
way,1460392915,,33.361221,126.362252,,,
way,1460392916,,33.360006,126.361059,,,
way,1462964711,,33.397085,126.899511,,,
way,1462964749,,33.401250,126.900946,,,
way,1463066915,,33.398863,126.904871,,,
way,1463066916,,33.398897,126.905012,,,
way,1463080147,,33.403494,126.901500,,,
way,1463080178,,33.404153,126.902473,,private,
way,1463080180,,33.403697,126.902526,,,
way,1463100968,,33.405039,126.903691,,,
way,1463101001,,33.407682,126.900228,,,
way,1463149016,,33.411541,126.902207,,,
way,1463149031,,33.412592,126.907736,,,
way,1463149036,,33.414454,126.906411,,,
way,1463149066,,33.410675,126.901429,,,
way,1463238650,,33.414232,126.900058,,,
way,1463240961,,33.413143,126.908505,,,
way,1463240962,,33.413032,126.908610,,,
way,1463240963,,33.413144,126.909201,,,
way,1463240964,,33.413346,126.909024,,,
way,1463525750,,33.403979,126.901634,,,
way,1480987990,,33.299439,126.600813,,,
way,1480988016,,33.316218,126.596549,,,
way,1480988023,,33.317441,126.610621,,,
way,1484621270,,33.403613,126.813224,,,
way,1484632747,,33.409949,126.825798,,,
way,1484632748,,33.409427,126.825394,,,
way,1484632753,,33.414757,126.836062,,,
way,1484690196,,33.416524,126.840333,,,
way,1486303470,,33.476473,126.498597,,,
way,1486303472,,33.476597,126.498834,,,
way,1486303474,,33.476964,126.499387,,,
way,1486303485,,33.477834,126.496675,,,
way,1486303494,,33.477310,126.495340,,,
way,1486303504,,33.478375,126.496002,,,
way,1486303510,,33.478496,126.494744,,,
way,1486303511,,33.478654,126.494592,,,
way,1486303512,,33.478664,126.494426,,,
way,1486303514,,33.478759,126.494656,,,
way,1486303515,,33.478609,126.494853,,,
way,1486303516,,33.478664,126.495033,,,
way,1486303517,,33.478318,126.495005,,,
way,1486303518,,33.478246,126.494340,,,
way,1486303520,,33.478200,126.494605,,,
way,1486303521,,33.478277,126.494599,,,
way,1486303522,,33.478136,126.494203,,,
way,1486303534,,33.476783,126.496531,,,
way,1488735382,,33.486904,126.479130,,,
way,1488735395,,33.486900,126.479632,,,
way,1488735404,,33.487323,126.480918,,,
way,1488735405,,33.486800,126.480216,,,
way,1488761247,,33.487634,126.481429,,,
way,1488761252,,33.488458,126.482955,,,
way,1488761269,,33.487276,126.482330,,,
way,1488761279,,33.486665,126.483388,street_side,,
way,1489618243,,33.501977,126.453091,,,
way,1489645998,,33.488866,126.525898,,,
way,1490429350,,33.479145,126.481808,,,
way,1490871403,,33.481547,126.486850,,,
way,1490892249,,33.481281,126.485777,,,
way,1492062392,,33.514826,126.580977,,,
way,1492062402,,33.517099,126.579126,,,
way,1492062405,,33.514790,126.579886,,,
way,1492467814,,33.519824,126.573513,,,
way,1492970598,,33.514761,126.574911,,,
way,1493011230,,33.519707,126.582585,,,
way,1493628712,,33.435240,126.917917,,,
way,1494104600,,33.522080,126.584530,,,
way,1494104606,,33.521434,126.584798,,,
way,1494121948,,33.520970,126.581590,,,
way,1494471940,,33.486342,126.811200,,,
way,1494502059,,33.520158,126.585098,,,
way,1495665675,,33.431641,126.929601,,,
way,1495665679,,33.432724,126.926896,,,
way,1495669128,,33.427972,126.925227,,,
way,1495695674,,33.432781,126.930096,,,
way,1495777206,,33.347516,126.496334,,,
way,1495802966,,33.431100,126.927062,,,
way,1495802967,,33.430118,126.927406,,,
way,1495802981,,33.434407,126.925967,,,
way,1495802982,,33.434359,126.926313,,,
way,1495816469,,33.435029,126.924198,,,
way,1495816473,,33.440012,126.919707,,,
way,1495816479,,33.439545,126.919898,,,
way,1495816535,,33.438407,126.918105,,,
way,1495816538,,33.438557,126.917628,,,
way,1495816548,,33.438935,126.918467,,,
way,1495816612,,33.448659,126.920454,,,
way,1496612124,,33.436178,126.913015,,,
way,1496612125,,33.435577,126.913076,,,
way,1496982228,,33.442616,126.918741,,,
way,1496982240,,33.446902,126.915798,,,
way,1497050720,,33.439888,126.918348,,,
way,1497050725,,33.441731,126.918887,,,
way,1497050729,,33.441853,126.919583,,,
way,1497052911,,33.446640,126.913613,,,
way,1497243680,,33.517912,126.576622,,,
way,1497457990,,33.447041,126.914092,,,
way,1497458027,,33.447435,126.915654,,,
way,1497458032,,33.449377,126.920503,,,
way,1497458055,,33.450542,126.922019,,,
way,1497458063,,33.449900,126.921360,,,
way,1497458799,,33.455676,126.925594,,,
way,1497599234,,33.522827,126.583650,,,
way,1497812968,,33.524915,126.586899,,,
way,1497812975,,33.524911,126.585625,,,
way,1497829082,,33.522433,126.585706,,private,
way,1497829083,,33.522158,126.585977,,private,
way,1497829088,,33.522651,126.586430,,yes,
way,1497829089,,33.522556,126.586185,,private,
way,1497829096,,33.523602,126.585359,,,
way,1497899532,,33.458949,126.929740,,,
way,1497899534,,33.459577,126.930160,,,
way,1497899576,,33.461667,126.933803,,,
way,1497900527,,33.462551,126.933503,,,
way,1498017852,,33.462193,126.932688,,,
way,1498120615,,33.526867,126.590494,,,
way,1498136094,,33.528267,126.593106,,,
way,1498325991,,33.463671,126.932229,,,
way,1498326001,,33.462750,126.932686,,,
way,1498326006,,33.462384,126.932088,,,
way,1498326014,,33.462233,126.933701,,,
way,1498326020,,33.463454,126.934062,,,
way,1498326021,,33.463130,126.934047,,,
way,1498326024,,33.463269,126.934881,street_side,,
way,1498944647,,33.519257,126.564524,,,
way,1498947499,,33.520141,126.564808,,,
way,1499508631,,33.522090,126.565230,,yes,
way,1499523096,,33.523234,126.565988,,,
way,1499523099,,33.523157,126.565540,surface,yes,
way,1499523125,,33.522992,126.564715,surface,yes,
way,1499530076,,33.522269,126.563032,surface,yes,
way,1501272349,,33.522416,126.565907,,yes,
way,1501272350,,33.522298,126.566709,,yes,
way,1501272356,,33.521829,126.567140,,,
way,1501272363,,33.522248,126.567605,,yes,
way,1502822558,,33.513662,126.523403,surface,customers,no
way,1525762994,,33.212936,126.282269,,,
way,1529015679,,33.504560,126.489341,,,
way,1529610623,,33.508979,126.529177,,,
way,1529621114,,33.509544,126.528836,,,
way,1529671907,,33.508909,126.529735,,,
way,1530008087,,33.513260,126.522087,,no,no
way,1530052733,관덕정 서측 노외공영주차장,33.513490,126.520617,,customers,yes
way,1530055197,,33.511232,126.530647,,,
way,1530085245,,33.510545,126.530582,,,
way,1530102337,,33.510144,126.530578,,,
way,1530107454,,33.516158,126.516155,,,
way,1530107455,,33.515513,126.516359,,,
way,1530107459,,33.515580,126.516554,,,
way,1530107460,,33.516193,126.516427,,,
way,1530151329,,33.515121,126.523852,,,
way,1530151363,대영빌딩전용주차장,33.514244,126.524382,,,
way,1530151365,,33.514425,126.524334,,,
way,1530180328,,33.509602,126.526420,,,
way,1530263259,,33.508846,126.525740,,,
way,1530263260,,33.508505,126.525770,,,
way,1530263282,,33.509070,126.525792,,,
way,1530271594,,33.508203,126.525969,,,
way,1530271642,,33.507572,126.526374,,,
way,1530296778,,33.508656,126.526943,,,
way,1530296812,,33.509164,126.526874,,,
way,1530368092,,33.509713,126.523816,,,
way,1530397605,,33.510909,126.525300,,,
way,1530397711,,33.511099,126.524998,,,
way,1530448129,,33.512061,126.525027,,,
way,1530459278,동문시장 해월주차빌딩,33.512751,126.525104,multi-storey,,
way,1530525395,동문재래시장공영주차장,33.510816,126.526086,multi-storey,,
way,1530749449,,33.511158,126.527790,,,
way,1530749454,,33.511352,126.527405,,,
way,1530764275,,33.511500,126.528277,,,
way,1530947862,,33.511550,126.530191,,,
way,1530986908,,33.511566,126.530454,,,
way,1531013554,,33.512107,126.530841,,,
way,1531019970,,33.512594,126.529149,,,
way,1531020018,,33.512496,126.529899,,,
way,1531085370,,33.511018,126.531862,street_side,,
way,1531187441,,33.513357,126.531367,,,
way,1531234604,,33.514322,126.531241,,,
way,1531333298,,33.514198,126.529350,,,
way,1531452404,,33.514955,126.529952,,,
way,1531473258,,33.514949,126.530567,,,
way,1531473259,,33.514994,126.530699,,,
way,1531473353,,33.516344,126.530984,,,
way,1531473356,,33.516378,126.531331,,,
way,1531494117,,33.514951,126.531008,,,
way,1531494195,,33.515315,126.531126,,,
way,1531494197,,33.515510,126.531470,,,
way,1531562296,,33.516884,126.530048,,,
way,1531592672,,33.516810,126.528325,,,
way,1531716815,,33.516474,126.529201,,,
way,1531841238,,33.516353,126.528138,,,
way,1531841249,,33.515373,126.527974,,,
way,1531841256,,33.515400,126.527781,,,
way,1531841265,,33.515544,126.527670,,,
way,1531847027,,33.515762,126.527772,,,
way,1531847074,,33.516029,126.527920,,,
way,1531847075,,33.516063,126.528106,,,
way,1531877642,,33.515582,126.527486,,,
way,1531877680,,33.515787,126.527349,,,
way,1531881986,탑부평전용주차장,33.515661,126.526922,,,
way,1531941259,,33.514832,126.528042,,,
way,1531941260,,33.515240,126.527709,,,
way,1532065495,,33.516416,126.525753,,,
way,1532065497,칠성골 공영 주차장,33.516506,126.525258,multi-storey,,
way,1532107983,,33.515622,126.525898,,,
way,1532108065,,33.516145,126.526709,,,
way,1532145842,,33.510468,126.522160,,,
way,1532164698,,33.512127,126.520042,surface,yes,
way,1532171153,,33.515788,126.525346,,,
way,1532210219,,33.515231,126.526426,,,
way,1532210220,,33.515305,126.526284,,,
way,1532210259,,33.515139,126.526224,,,
way,1532231405,,33.516278,126.524959,,,
way,1532365454,,33.516929,126.527113,,,
way,1532382439,,33.517119,126.525128,,,
way,1532382575,,33.517593,126.525896,,,
way,1532385419,,33.517682,126.525177,,,
way,1532498105,,33.514658,126.527380,surface,private,yes
way,1532522412,,33.514747,126.526877,,,
way,1532530170,,33.514630,126.524914,,,
way,1532857927,,33.514126,126.526273,,,
way,1532862521,,33.513682,126.525761,multi-storey,,
way,1533140623,,33.517107,126.522738,,,
way,1533359580,,33.515778,126.524310,,,
way,1533359617,,33.516229,126.524156,,,
way,1533362629,,33.515940,126.523539,,,
way,1533362630,,33.515783,126.523808,,,
way,1534151094,,33.516383,126.521331,,,
way,1534164296,,33.516029,126.520549,,,
way,1534185637,,33.517399,126.519773,,,
way,1534190263,,33.517134,126.519241,,,
way,1534428102,,33.518079,126.518462,,,
way,1534428110,,33.517800,126.519050,,,
way,1534428111,,33.517653,126.518849,,,
way,1534428124,,33.518175,126.518146,,,
way,1534786313,,33.516967,126.517969,,,
way,1535094684,,33.515774,126.518102,,,
way,1535132402,,33.515492,126.520787,,,
way,1535144786,,33.515092,126.520697,,,
way,1535155519,,33.514943,126.520054,,,
way,1535185227,,33.514466,126.520250,,,
way,1535288279,,33.515339,126.519210,,,
way,1535288331,,33.515273,126.518752,,,
way,1535288339,,33.515193,126.518509,,,
way,1535307448,,33.515290,126.518315,,,
way,1535307480,,33.514893,126.519038,,,
way,1535598915,,33.516799,126.532757,surface,,
way,1535598916,김만덕객주 전용주차장,33.516050,126.532068,surface,,
way,1535731749,,33.513993,126.518924,,,
way,1535894097,,33.513120,126.519459,,,
way,1536055263,,33.510722,126.530945,,,
way,1536433646,,33.513754,126.520265,,,
way,1536798679,,33.514992,126.524492,,,
way,1536842258,,33.514232,126.524034,,,
way,1536875525,,33.513812,126.523286,,,
way,1536875560,,33.513413,126.524062,,,
way,1537196427,,33.513503,126.522462,,,
way,1537331682,,33.514406,126.522901,,,
way,1537341614,,33.513520,126.523167,,,
way,1537403580,,33.512463,126.520035,,,
way,1537403588,,33.511943,126.519653,,,
way,1537500162,,33.511563,126.520437,,,
way,1537500188,,33.511232,126.520638,,,
way,1537614785,,33.511259,126.519846,,,
way,1537643276,,33.512457,126.519603,,,
way,1537743822,,33.512627,126.520944,,,
way,1537743825,,33.512485,126.520876,,,
way,1537768072,,33.511311,126.521647,,,
way,1537815506,,33.512086,126.521400,,,
way,1537815513,,33.511888,126.520942,,,
way,1537867863,,33.512570,126.521495,,,
way,1537867865,,33.512388,126.521643,,,
way,1538517865,,33.512538,126.523136,,,
way,1538517878,서쪽공영주차장,33.512778,126.523252,,,
way,1538925360,,33.512800,126.522828,,,
way,1538925365,,33.512720,126.522429,,,
way,1539950381,,33.511676,126.523229,,,
way,1539950402,,33.511719,126.522088,,,
way,1539950416,,33.511919,126.522243,,,
way,1539950437,,33.512017,126.522425,,,
way,1539996782,,33.512638,126.524183,,,
way,1540050084,,33.512875,126.523633,,,
way,1540050131,,33.512308,126.524109,,,
way,1540088318,,33.511614,126.523553,,,
way,1540088359,,33.511726,126.523805,,,
way,1540203375,,33.509904,126.520005,,,
way,1540203385,,33.509402,126.520123,,,
way,1540270623,,33.510232,126.520656,,,
way,1540337992,,33.510677,126.521272,,,
way,1540338013,,33.510767,126.521021,,,
way,1540364958,,33.509825,126.521904,,,
way,1540365006,,33.510169,126.522626,,,
way,1540372882,,33.510675,126.521763,,,
way,1540376658,,33.511167,126.522216,,,
way,1540376669,,33.510893,126.521524,,,
way,1540395435,중앙로상점가 주차장,33.510845,126.523387,multi-storey,,
way,1540395436,,33.510689,126.523593,,,
way,1540395487,,33.510255,126.523531,,,
way,1541193010,,33.516708,126.517481,,,
way,1541193024,,33.516888,126.517271,,,
way,1541193025,,33.516645,126.517303,,,
way,1541193026,,33.516627,126.517075,,,
way,1541292298,,33.517422,126.517618,,,
way,1542916401,,33.336053,126.690298,,,
relation,3850300,,33.504333,126.492281,,,
relation,8178222,ICC제주국제컨벤션센터주차장,33.240838,126.423599,surface,,
relation,21001761,동문공영주차장,33.512091,126.528361,multi-storey,,
